month,origin_group,bev,share_of_month_bev_pct
2024-09-01,Germany,22448,65.1
2024-09-01,USA,4501,13.1
2024-09-01,Japan/Korea,2911,8.4
2024-09-01,Other Europe,2036,5.9
2024-09-01,China,1849,5.4
2024-09-01,Other / JV,721,2.1
2024-10-01,Germany,24071,67.8
2024-10-01,Other Europe,2923,8.2
2024-10-01,Japan/Korea,2768,7.8
2024-10-01,USA,2420,6.8
2024-10-01,China,2254,6.4
2024-10-01,Other / JV,1046,2.9
2024-11-01,Germany,24786,70.5
2024-11-01,USA,3013,8.6
2024-11-01,Japan/Korea,2092,5.9
2024-11-01,China,2059,5.9
2024-11-01,Other Europe,2038,5.8
2024-11-01,Other / JV,1175,3.3
2024-12-01,Germany,21285,63.4
2024-12-01,USA,4767,14.2
2024-12-01,Japan/Korea,2254,6.7
2024-12-01,China,2138,6.4
2024-12-01,Other Europe,2091,6.2
2024-12-01,Other / JV,1016,3.0
2025-01-01,Germany,22856,66.3
2025-01-01,Japan/Korea,3212,9.3
2025-01-01,Other Europe,2944,8.5
2025-01-01,China,2911,8.4
2025-01-01,USA,1706,4.9
2025-01-01,Other / JV,869,2.5
2025-02-01,Germany,23822,66.3
2025-02-01,Japan/Korea,3487,9.7
2025-02-01,Other Europe,3290,9.2
2025-02-01,China,2343,6.5
2025-02-01,USA,2256,6.3
2025-02-01,Other / JV,751,2.1
2025-03-01,Germany,27054,63.6
2025-03-01,Other Europe,4392,10.3
2025-03-01,Japan/Korea,4307,10.1
2025-03-01,USA,3310,7.8
2025-03-01,China,2912,6.8
2025-03-01,Other / JV,546,1.3
2025-04-01,Germany,29111,63.9
2025-04-01,Other Europe,5164,11.3
2025-04-01,Japan/Korea,4467,9.8
2025-04-01,China,3817,8.4
2025-04-01,USA,2506,5.5
2025-04-01,Other / JV,470,1.0
2025-05-01,Germany,27998,65.0
2025-05-01,Japan/Korea,4390,10.2
2025-05-01,Other Europe,3775,8.8
2025-05-01,China,3703,8.6
2025-05-01,USA,2673,6.2
2025-05-01,Other / JV,521,1.2
2025-06-01,Germany,27322,57.9
2025-06-01,Other Europe,6015,12.8
2025-06-01,China,5034,10.7
2025-06-01,Japan/Korea,4852,10.3
2025-06-01,USA,3435,7.3
2025-06-01,Other / JV,505,1.1
2025-07-01,Germany,30626,63.0
2025-07-01,Other Europe,5513,11.3
2025-07-01,Japan/Korea,5002,10.3
2025-07-01,China,3603,7.4
2025-07-01,USA,3131,6.4
2025-07-01,Other / JV,739,1.5
2025-08-01,Germany,23054,58.6
2025-08-01,Other Europe,4715,12.0
2025-08-01,Japan/Korea,4185,10.6
2025-08-01,USA,3486,8.9
2025-08-01,China,3127,7.9
2025-08-01,Other / JV,800,2.0
2025-09-01,Germany,25788,56.7
2025-09-01,USA,5743,12.6
2025-09-01,Other Europe,4941,10.9
2025-09-01,Japan/Korea,4245,9.3
2025-09-01,China,3994,8.8
2025-09-01,Other / JV,784,1.7
2025-10-01,Germany,33452,63.8
2025-10-01,Other Europe,6732,12.8
2025-10-01,Japan/Korea,4495,8.6
2025-10-01,China,4212,8.0
2025-10-01,USA,2828,5.4
2025-10-01,Other / JV,706,1.3
2025-11-01,Germany,34205,61.4
2025-11-01,Other Europe,7504,13.5
2025-11-01,China,4875,8.7
2025-11-01,USA,4615,8.3
2025-11-01,Japan/Korea,3716,6.7
2025-11-01,Other / JV,826,1.5
2025-12-01,Germany,32913,60.1
2025-12-01,Other Europe,7426,13.6
2025-12-01,China,5355,9.8
2025-12-01,USA,4615,8.4
2025-12-01,Japan/Korea,3365,6.1
2025-12-01,Other / JV,1100,2.0
2026-01-01,Germany,25532,59.8
2026-01-01,Other Europe,5989,14.0
2026-01-01,Japan/Korea,4165,9.8
2026-01-01,China,3991,9.3
2026-01-01,USA,2189,5.1
2026-01-01,Other / JV,826,1.9
2026-02-01,Germany,26109,56.4
2026-02-01,Other Europe,6494,14.0
2026-02-01,Japan/Korea,4818,10.4
2026-02-01,China,4627,10.0
2026-02-01,USA,3732,8.1
2026-02-01,Other / JV,495,1.1
2026-03-01,Germany,38667,54.7
2026-03-01,USA,11312,16.0
2026-03-01,Other Europe,8287,11.7
2026-03-01,Japan/Korea,6510,9.2
2026-03-01,China,4895,6.9
2026-03-01,Other / JV,992,1.4
2026-04-01,Germany,35761,55.6
2026-04-01,Other Europe,8933,13.9
2026-04-01,Japan/Korea,7205,11.2
2026-04-01,China,5763,9.0
2026-04-01,USA,5347,8.3
2026-04-01,Other / JV,1341,2.1
2026-05-01,Germany,31437,52.4
2026-05-01,Other Europe,8605,14.3
2026-05-01,Japan/Korea,6827,11.4
2026-05-01,USA,6399,10.7
2026-05-01,China,5636,9.4
2026-05-01,Other / JV,1065,1.8
2026-06-01,Germany,41954,49.9
2026-06-01,Other Europe,12226,14.5
2026-06-01,USA,10525,12.5
2026-06-01,China,9247,11.0
2026-06-01,Japan/Korea,8863,10.5
2026-06-01,Other / JV,1242,1.5
2026-07-01,Germany,42694,54.3
2026-07-01,Other Europe,11677,14.9
2026-07-01,China,10163,12.9
2026-07-01,Japan/Korea,8885,11.3
2026-07-01,USA,3948,5.0
2026-07-01,Other / JV,1242,1.6
2026-08-01,Germany,32733,47.5
2026-08-01,Other Europe,11805,17.1
2026-08-01,Japan/Korea,9014,13.1
2026-08-01,China,8267,12.0
2026-08-01,USA,6295,9.1
2026-08-01,Other / JV,816,1.2
