month,total,bev,bev_share_pct,bev_share_3m_avg_pct,bev_share_yoy_change_pp,bev_units_yoy_pct
2024-09-01,208848,34466,16.5,16.5,,
2024-10-01,231992,35482,15.3,15.9,,
2024-11-01,244544,35163,14.4,15.4,,
2024-12-01,224721,33551,14.9,14.9,,
2025-01-01,207640,34498,16.6,15.3,,
2025-02-01,203434,35949,17.7,16.4,,
2025-03-01,253497,42521,16.8,17.0,,
2025-04-01,242728,45535,18.8,17.7,,
2025-05-01,239297,43060,18.0,17.8,,
2025-06-01,256193,47163,18.4,18.4,,
2025-07-01,264802,48614,18.4,18.3,,
2025-08-01,207229,39367,19.0,18.6,,
2025-09-01,235528,45495,19.3,18.9,2.8,32.0
2025-10-01,250133,52425,21.0,19.8,5.7,47.8
2025-11-01,250671,55741,22.2,20.8,7.9,58.5
2025-12-01,246439,54774,22.2,21.8,7.3,63.3
2026-01-01,193981,42692,22.0,22.2,5.4,23.8
2026-02-01,211262,46275,21.9,22.0,4.2,28.7
2026-03-01,294161,70663,24.0,22.6,7.2,66.2
2026-04-01,249163,64350,25.8,23.9,7.1,41.3
2026-05-01,239448,59969,25.0,25.0,7.1,39.3
2026-06-01,296378,84057,28.4,26.4,10.0,78.2
2026-07-01,268068,78609,29.3,27.6,11.0,61.7
2026-08-01,212563,68930,32.4,30.0,13.4,75.1
