brand,origin_group,total_prev_6m,total_now_6m,bev_share_prev_pct,bev_share_now_pct,change_pp
KIA,Japan/Korea,31488,35718,24.5,49.9,25.4
RENAULT,Other Europe,29955,38013,21.3,40.9,19.5
CITROEN,Other Europe,25474,28391,11.0,30.0,18.9
NISSAN,Japan/Korea,17419,16572,3.2,21.1,17.9
PEUGEOT,Other Europe,29599,32307,7.4,22.5,15.1
VOLVO,China,29870,26191,16.2,27.9,11.7
FORD,USA,56927,52388,17.0,28.6,11.6
MERCEDES,Germany,132241,137879,11.9,23.0,11.1
JEEP,Other Europe,6773,6266,4.0,14.9,10.9
MAZDA,Japan/Korea,20241,24978,1.4,11.2,9.8
MITSUBISHI,Japan/Korea,11257,6872,0.0,9.1,9.1
BMW,Germany,128905,136157,19.6,28.1,8.5
LEAPMOTOR,China,3190,11612,86.0,94.2,8.3
DACIA,Other Europe,37329,38790,6.4,14.2,7.8
SKODA,Germany,115280,129491,21.3,29.1,7.8
OPEL,Other Europe,72389,72449,12.5,19.6,7.1
SEAT,Germany,83258,83158,18.7,25.6,6.9
TOYOTA,Japan/Korea,42889,35548,7.7,13.8,6.1
SUZUKI,Japan/Korea,11928,10962,0.0,5.8,5.7
FIAT,Other Europe,32367,35977,18.3,23.3,5.1
AUDI,Germany,99711,107086,20.6,25.2,4.6
PORSCHE,Germany,16327,14326,28.4,32.5,4.1
HYUNDAI,Japan/Korea,50835,50958,29.1,32.0,2.9
MINI,Germany,17798,23096,41.2,42.6,1.5
VW,Germany,287985,275527,17.9,19.1,1.3
LAND ROVER,Other / JV,7160,7593,0.0,0.0,0.0
TESLA,USA,8735,28681,100.0,100.0,0.0
MG ROEWE,China,12248,19539,31.2,30.9,-0.3
HONDA,Japan/Korea,4103,4458,1.8,1.0,-0.9
BYD,China,8143,31066,66.9,35.4,-31.5
