rank_bev,brand,origin_group,bev,share_of_all_bev_pct,total,bev_share_in_brand_pct,plug_in_share_in_brand_pct
1,VW,Germany,100919,14.0,539376,18.7,28.9
2,SKODA,Germany,68881,9.6,246700,27.9,34.5
3,BMW,Germany,64576,9.0,261896,24.7,39.0
4,MERCEDES,Germany,52073,7.2,262919,19.8,36.2
5,AUDI,Germany,48987,6.8,212274,23.1,43.8
6,TESLA,USA,40207,5.6,40207,100.0,100.0
7,SEAT,Germany,36800,5.1,156914,23.5,36.9
8,HYUNDAI,Japan/Korea,27507,3.8,94985,29.0,34.5
9,FORD,USA,27123,3.8,101088,26.8,42.6
10,KIA,Japan/Korea,26307,3.6,63569,41.4,44.1
11,OPEL,Other Europe,25543,3.5,141541,18.0,20.6
12,RENAULT,Other Europe,21994,3.1,66757,32.9,35.2
13,BYD,China,19519,2.7,51491,37.9,100.0
14,MINI,Germany,18925,2.6,41324,45.8,45.8
15,FIAT,Other Europe,16405,2.3,63126,26.0,26.0
16,LEAPMOTOR,China,15730,2.2,17141,91.8,100.0
17,CITROEN,Other Europe,13332,1.8,52638,25.3,26.1
18,PEUGEOT,Other Europe,12699,1.8,59977,21.2,25.1
19,VOLVO,China,11703,1.6,52606,22.2,67.5
20,MG ROEWE,China,10060,1.4,33990,29.6,43.3
