brand,total,bev_pct,phev_pct,hev_pct,diesel_pct,petrol_other_pct
VW,32233,21.8,10.2,26.7,18.0,23.4
MERCEDES,20680,25.9,15.6,41.4,16.3,0.8
BMW,18986,29.7,13.0,41.6,1.5,14.1
SKODA,15526,33.7,7.8,3.1,21.5,33.8
AUDI,12805,33.7,26.1,24.8,4.6,10.7
SEAT,11189,28.5,12.9,11.6,4.0,43.1
OPEL,9993,25.3,2.9,41.1,13.5,17.2
FORD,8960,36.0,14.8,14.3,27.1,7.8
HYUNDAI,7261,32.3,4.3,13.3,0.0,50.0
KIA,6382,63.8,2.6,7.2,0.4,26.0
TOYOTA,5711,15.8,6.3,70.7,3.9,3.3
BYD,5256,34.8,65.2,0.0,0.0,0.0
RENAULT,5211,57.1,1.5,28.1,4.0,9.3
DACIA,5164,27.5,0.0,35.2,0.0,37.4
PEUGEOT,4817,26.1,3.2,49.2,14.9,6.6
CITROEN,4579,40.1,1.2,24.7,24.3,9.7
FIAT,4518,32.1,0.0,18.4,43.2,6.3
MAZDA,3780,19.0,8.3,70.3,0.0,2.4
VOLVO,3345,35.4,34.4,30.1,0.0,0.0
MG ROEWE,3307,42.0,16.3,37.8,0.0,3.9
TESLA,3034,100.0,0.0,0.0,0.0,0.0
MINI,2844,47.5,0.0,5.0,0.0,47.5
LEAPMOTOR,2254,95.3,4.7,0.0,0.0,0.0
NISSAN,2210,31.8,0.0,50.7,4.9,12.7
PORSCHE,1540,40.1,16.2,19.7,0.0,24.0
SUZUKI,1450,6.9,1.9,89.2,0.0,2.0
XPENG,1163,100.0,0.0,0.0,0.0,0.0
