month,total,bev,phev,hev,diesel,petrol_other,bev_share_pct,phev_share_pct,hev_share_pct,plug_in_share_pct,combustion_only_share_pct
2024-09-01,208848,34466,14935,60491,31091,67865,16.5,7.2,29.0,23.7,47.4
2024-10-01,231992,35482,19330,65660,36155,75365,15.3,8.3,28.3,23.6,48.1
2024-11-01,244544,35163,20600,73943,36484,78354,14.4,8.4,30.2,22.8,47.0
2024-12-01,224721,33551,19103,70553,31005,70509,14.9,8.5,31.4,23.4,45.2
2025-01-01,207640,34498,17712,59252,32956,63222,16.6,8.5,28.5,25.1,46.3
2025-02-01,203434,35949,19534,58153,32116,57682,17.7,9.6,28.6,27.3,44.1
2025-03-01,253497,42521,26553,74860,37890,71673,16.8,10.5,29.5,27.2,43.2
2025-04-01,242728,45535,24317,67379,37649,67848,18.8,10.0,27.8,28.8,43.5
2025-05-01,239297,43060,25181,66990,35106,68960,18.0,10.5,28.0,28.5,43.5
2025-06-01,256193,47163,25608,73332,35665,74425,18.4,10.0,28.6,28.4,43.0
2025-07-01,264802,48614,27197,75172,40529,73290,18.4,10.3,28.4,28.6,43.0
2025-08-01,207229,39367,23973,58605,27219,58065,19.0,11.6,28.3,30.6,41.2
2025-09-01,235528,45495,27685,69527,28871,63950,19.3,11.8,29.5,31.1,39.4
2025-10-01,250133,52425,30946,70652,30462,65648,21.0,12.4,28.2,33.3,38.4
2025-11-01,250671,55741,32433,70916,29471,62110,22.2,12.9,28.3,35.2,36.5
2025-12-01,246439,54774,30259,71273,27088,63045,22.2,12.3,28.9,34.5,36.6
2026-01-01,193981,42692,21790,58206,27309,43984,22.0,11.2,30.0,33.2,36.8
2026-02-01,211262,46275,24328,60510,31338,48811,21.9,11.5,28.6,33.4,37.9
2026-03-01,294161,70663,29996,87850,37664,67988,24.0,10.2,29.9,34.2,35.9
2026-04-01,249163,64350,27546,70207,32437,54623,25.8,11.1,28.2,36.9,34.9
2026-05-01,239448,59969,27921,67545,30547,53466,25.0,11.7,28.2,36.7,35.1
2026-06-01,296378,84057,32212,83315,33862,62932,28.4,10.9,28.1,39.2,32.7
2026-07-01,268068,78609,30609,74675,31703,52472,29.3,11.4,27.9,40.7,31.4
2026-08-01,212563,68930,25406,59197,22516,36514,32.4,12.0,27.8,44.4,27.8
