file,month,model_rows,reconciliation_gaps,negative_residual_rows,grand_total_parsed,grand_total_official,matches_kba_total
fz10_2024_09.xlsx,2024-09,405,0,0,208848,208848,True
fz10_2024_10.xlsx,2024-10,410,0,0,231992,231992,True
fz10_2024_11.xlsx,2024-11,415,0,0,244544,244544,True
fz10_2024_12.xlsx,2024-12,417,0,0,224721,224721,True
fz10_2025_01.xlsx,2025-01,381,0,0,207640,207640,True
fz10_2025_02.xlsx,2025-02,401,0,0,203434,203434,True
fz10_2025_03.xlsx,2025-03,410,0,0,253497,253497,True
fz10_2025_04.xlsx,2025-04,422,0,0,242728,242728,True
fz10_2025_05.xlsx,2025-05,435,0,0,239297,239297,True
fz10_2025_06.xlsx,2025-06,443,0,0,256193,256193,True
fz10_2025_07.xlsx,2025-07,449,0,0,264802,264802,True
fz10_2025_08.xlsx,2025-08,455,0,0,207229,207229,True
fz10_2025_09.xlsx,2025-09,465,0,0,235528,235528,True
fz10_2025_10.xlsx,2025-10,468,0,0,250133,250133,True
fz10_2025_11.xlsx,2025-11,476,0,0,250671,250671,True
fz10_2025_12.xlsx,2025-12,485,0,0,246439,246439,True
fz10_2026_01.xlsx,2026-01,377,0,0,193981,193981,True
fz10_2026_02.xlsx,2026-02,403,0,0,211262,211262,True
fz10_2026_03.xlsx,2026-03,420,0,0,294161,294161,True
fz10_2026_04.xlsx,2026-04,434,0,0,249163,249163,True
fz10_2026_05.xlsx,2026-05,439,0,0,239448,239448,True
fz10_2026_06.xlsx,2026-06,453,0,0,296378,296378,True
fz10_2026_07.xlsx,2026-07,461,0,0,268068,268068,True
fz10_2026_08.xlsx,2026-08,471,0,0,212563,212563,True
