month,month_index,year,month_number,month_name,year_month
2024-09-01,0,2024,9,Sep,2024-09
2024-10-01,1,2024,10,Oct,2024-10
2024-11-01,2,2024,11,Nov,2024-11
2024-12-01,3,2024,12,Dec,2024-12
2025-01-01,4,2025,1,Jan,2025-01
2025-02-01,5,2025,2,Feb,2025-02
2025-03-01,6,2025,3,Mar,2025-03
2025-04-01,7,2025,4,Apr,2025-04
2025-05-01,8,2025,5,May,2025-05
2025-06-01,9,2025,6,Jun,2025-06
2025-07-01,10,2025,7,Jul,2025-07
2025-08-01,11,2025,8,Aug,2025-08
2025-09-01,12,2025,9,Sep,2025-09
2025-10-01,13,2025,10,Oct,2025-10
2025-11-01,14,2025,11,Nov,2025-11
2025-12-01,15,2025,12,Dec,2025-12
2026-01-01,16,2026,1,Jan,2026-01
2026-02-01,17,2026,2,Feb,2026-02
2026-03-01,18,2026,3,Mar,2026-03
2026-04-01,19,2026,4,Apr,2026-04
2026-05-01,20,2026,5,May,2026-05
2026-06-01,21,2026,6,Jun,2026-06
2026-07-01,22,2026,7,Jul,2026-07
2026-08-01,23,2026,8,Aug,2026-08
