brand,origin_group,note
AIWAYS,China,
ALFA ROMEO,Other Europe,Stellantis
ALPINE,Other Europe,Renault Group
ASTON MARTIN,Other Europe,
AUDI,Germany,VW Group
BENTLEY,Germany,VW Group
BMW,Germany,BMW Group
BYD,China,
CADILLAC,USA,GM
CHERY,China,
CITROEN,Other Europe,Stellantis
DACIA,Other Europe,Renault Group
DAF TRUCKS,USA,PACCAR
DEEPAL,China,Changan
DONGFENG,China,
DS,Other Europe,Stellantis
FERRARI,Other Europe,
FIAT,Other Europe,Stellantis
FISKER,USA,
FORD,USA,
GEELY,China,
GWM,China,
HONDA,Japan/Korea,
HYUNDAI,Japan/Korea,
INEOS,Other Europe,
IVECO,Other Europe,
JAC,China,
JAECOO,China,Chery Group
JAGUAR,Other / JV,Tata Motors (India)
JEEP,Other Europe,Stellantis
KGM,Other / JV,Mahindra (India); formerly SsangYong
KIA,Japan/Korea,
LADA,Other / JV,AvtoVAZ (Russia)
LAMBORGHINI,Germany,VW Group
LANCIA,Other Europe,Stellantis
LAND ROVER,Other / JV,Tata Motors (India)
LEAPMOTOR,China,Stellantis holds a minority stake
LEXUS,Japan/Korea,
LOTUS,China,Geely
LUCID,USA,
LYNK & CO,China,Geely
MAN,Germany,Traton / VW Group
MASERATI,Other Europe,Stellantis
MAXUS,China,SAIC
MAZDA,Japan/Korea,
MERCEDES,Germany,Mercedes-Benz Group
MG ROEWE,China,SAIC
MINI,Germany,BMW Group
MITSUBISHI,Japan/Korea,
MORGAN,Other Europe,
NIO,China,
NISSAN,Japan/Korea,
OMODA,China,Chery Group
OPEL,Other Europe,Stellantis (German brand)
PEUGEOT,Other Europe,Stellantis
POLESTAR,China,Geely
PORSCHE,Germany,VW Group
RENAULT,Other Europe,
ROLLS ROYCE,Germany,BMW Group
SEAT,Germany,VW Group
SKODA,Germany,VW Group
SMART,Other / JV,Mercedes-Benz / Geely joint venture
SONSTIGE,Other / JV,All other brands (KBA bucket)
SUBARU,Japan/Korea,
SUZUKI,Japan/Korea,
TESLA,USA,
TOGG,Other / JV,Turkey
TOYOTA,Japan/Korea,
VINFAST,Other / JV,Vietnam
VOLVO,China,Geely
VW,Germany,VW Group
XPENG,China,
ZEEKR,China,Geely
